{"T423.0K": {"I_C": [0.0005079, 0.0005763, 0.0006518, 0.0007358, 0.0008306, 0.000935, 0.0010543, 0.0011867, 0.0013324, 0.0014961, 0.0016753, 0.0018729, 0.0020944, 0.0023334, 0.0025943, 0.0028872, 0.0031933, 0.003535, 0.0039002, 0.0043037, 0.0047333, 0.005188, 0.005683, 0.00621, 0.006769, 0.00735, 0.007996, 0.008656, 0.009368, 0.010109, 0.010878, 0.011693, 0.012532, 0.013442, 0.014341, 0.015273, 0.016202, 0.017112, 0.017962, 0.018765, 0.019491, 0.020159, 0.020786, 0.021372, 0.021961, 0.022531, 0.023116, 0.023709, 0.024291, 0.024907, 0.025558, 0.026201, 0.026877, 0.027574, 0.028261, 0.028993, 0.029679, 0.030453, 0.031196, 0.031931, 0.032678, 0.033452, 0.034196, 0.034945, 0.035759, 0.036556, 0.037345, 0.038108, 0.038833, 0.039544, 0.040302], "V_CA": [0.65, 0.655, 0.66, 0.665, 0.67, 0.675, 0.68, 0.685, 0.69, 0.695, 0.7, 0.705, 0.71, 0.715, 0.72, 0.725, 0.73, 0.735, 0.74, 0.745, 0.75, 0.755, 0.76, 0.765, 0.77, 0.775, 0.78, 0.785, 0.79, 0.795, 0.8, 0.805, 0.81, 0.815, 0.82, 0.825, 0.83, 0.835, 0.84, 0.845, 0.85, 0.855, 0.86, 0.865, 0.87, 0.875, 0.88, 0.885, 0.89, 0.895, 0.9, 0.905, 0.91, 0.915, 0.92, 0.925, 0.93, 0.935, 0.94, 0.945, 0.95, 0.955, 0.96, 0.965, 0.97, 0.975, 0.98, 0.985, 0.99, 0.995, 1.0], "C_CA": [6.5480876161030854e-15, 7.54752046484034e-15, 8.516785908761376e-15, 9.649468609020208e-15, 1.0837112017261438e-14, 1.2189175610014526e-14, 1.353812930196447e-14, 1.5032106514745933e-14, 1.6671993348520235e-14, 1.838122397679768e-14, 2.0189081490972265e-14, 2.2138682630432826e-14, 2.4149573479555655e-14, 2.6330955836452547e-14, 2.8523396064828844e-14, 3.089318226829723e-14, 3.335881132002447e-14, 3.5881408150713024e-14, 3.8589036987150553e-14, 4.1372335107299195e-14, 4.4341501227393395e-14, 4.729145072540615e-14, 5.0474216172574036e-14, 5.3631696499876094e-14, 5.717222549184323e-14, 6.089999494493951e-14, 6.469647200056425e-14, 6.875653955341133e-14, 7.313765127253937e-14, 7.798365168834427e-14, 8.330419290079856e-14, 8.909978419326105e-14, 9.58806576142644e-14, 1.0447976639968739e-13, 1.1526344877632356e-13, 1.297669509923799e-13, 1.5024339136234436e-13, 1.7691932896935363e-13, 2.058510064516402e-13, 2.304516986145513e-13, 2.4810132322315004e-13, 2.597441006350253e-13, 2.665267573744282e-13, 2.6980195012906046e-13, 2.7027272807437424e-13, 2.699803448714628e-13, 2.6792669230169723e-13, 2.6480314018551677e-13, 2.6118162087703545e-13, 2.562224697921478e-13, 2.5072975672689203e-13, 2.4456467862150415e-13, 2.375626963059582e-13, 2.2796615045154195e-13, 2.1799855559085441e-13, 2.0911252478688825e-13, 1.9805514697361735e-13, 1.8585081410508218e-13, 1.7439076238993375e-13, 1.6323319689905324e-13, 1.5172255948890626e-13, 1.3968237140488348e-13, 1.2770668575178836e-13, 1.1436071971264827e-13, 1.0366450144600759e-13, 9.312970388969707e-14, 8.290439538459948e-14, 7.099719391748977e-14, 6.198279679728761e-14, 4.7415105159095914e-14, 3.6473011194471816e-14]}, "T398.0K": {"I_C": [0.00025327, 0.0002906, 0.00033169, 0.00037975, 0.00043319, 0.0004937, 0.0005635, 0.0006416, 0.0007294, 0.0008282, 0.0009394, 0.0010632, 0.0012036, 0.0013602, 0.0015347, 0.0017317, 0.0019422, 0.0021796, 0.0024389, 0.0027232, 0.0030407, 0.0033805, 0.0037513, 0.004153, 0.004587, 0.005058, 0.005559, 0.006101, 0.006684, 0.007294, 0.007957, 0.00865, 0.009396, 0.010191, 0.011014, 0.011891, 0.012803, 0.013746, 0.01472, 0.015723, 0.016733, 0.017741, 0.018665, 0.019539, 0.020351, 0.021091, 0.021752, 0.022388, 0.023008, 0.023617, 0.02423, 0.024847, 0.025501, 0.026162, 0.026837, 0.027558, 0.028261, 0.029015, 0.029788, 0.030543, 0.031342, 0.032149, 0.032994, 0.033842, 0.034656, 0.035514, 0.036365, 0.037205, 0.038064, 0.038908, 0.039747], "V_CA": [0.65, 0.655, 0.66, 0.665, 0.67, 0.675, 0.68, 0.685, 0.69, 0.695, 0.7, 0.705, 0.71, 0.715, 0.72, 0.725, 0.73, 0.735, 0.74, 0.745, 0.75, 0.755, 0.76, 0.765, 0.77, 0.775, 0.78, 0.785, 0.79, 0.795, 0.8, 0.805, 0.81, 0.815, 0.82, 0.825, 0.83, 0.835, 0.84, 0.845, 0.85, 0.855, 0.86, 0.865, 0.87, 0.875, 0.88, 0.885, 0.89, 0.895, 0.9, 0.905, 0.91, 0.915, 0.92, 0.925, 0.93, 0.935, 0.94, 0.945, 0.95, 0.955, 0.96, 0.965, 0.97, 0.975, 0.98, 0.985, 0.99, 0.995, 1.0], "C_CA": [2.3605529716941107e-15, 3.1204205850978537e-15, 3.751825760639181e-15, 4.385587454997342e-15, 5.2420277320178905e-15, 6.76381989340239e-15, 7.246172313151941e-15, 8.55716180022356e-15, 9.442678601092357e-15, 1.0559576706231761e-14, 1.2490898010621442e-14, 1.3884055678325995e-14, 1.508896488764889e-14, 1.7065264276344265e-14, 1.870582246588303e-14, 2.0454767645735827e-14, 2.22644587635127e-14, 2.4389760220634806e-14, 2.6505634950218922e-14, 2.8724363589102574e-14, 3.109797088156863e-14, 3.381657549691357e-14, 3.652998991537292e-14, 3.9540399209205217e-14, 4.241739227924632e-14, 4.598167503177856e-14, 4.8989667787164556e-14, 5.150618701057319e-14, 5.541126622032342e-14, 5.92780057707179e-14, 6.342875379863534e-14, 6.789794853292233e-14, 7.221955463464738e-14, 7.705127253459529e-14, 8.2556575404548e-14, 8.8941886195684e-14, 9.653823329472266e-14, 1.0502698833780301e-13, 1.163148942176992e-13, 1.3246495463765086e-13, 1.4966006632274038e-13, 1.8069661628576233e-13, 2.1982270771557145e-13, 2.4566099927655836e-13, 2.706076608112424e-13, 2.7489755751916423e-13, 2.8169777062067595e-13, 2.856656011166332e-13, 2.8793118177856563e-13, 2.8756817397690533e-13, 2.872735794854824e-13, 2.8584544243263903e-13, 2.839658319778289e-13, 2.8087197020764847e-13, 2.768538629112217e-13, 2.711654082226039e-13, 2.655125813410582e-13, 2.5825652883681155e-13, 2.499105551164002e-13, 2.420313857417404e-13, 2.3239326767309203e-13, 2.2243842450408794e-13, 2.121461286693726e-13, 2.0249696634670618e-13, 1.9271047713924582e-13, 1.8033267532339902e-13, 1.7038787208701777e-13, 1.5814829862992727e-13, 1.44456958537469e-13, 1.343890346288725e-13, 1.2549539033093834e-13]}, "T373.0K": {"I_C": [0.00011757, 0.00013662, 0.00015749, 0.00018229, 0.0002101, 0.00024245, 0.00027978, 0.00032342, 0.00037066, 0.00042662, 0.00048979, 0.0005631, 0.0006446, 0.0007388, 0.0008448, 0.0009628, 0.0010982, 0.0012501, 0.001416, 0.0016106, 0.0018212, 0.002058, 0.0023132, 0.0025976, 0.0029124, 0.0032522, 0.0036253, 0.0040232, 0.0044775, 0.0049475, 0.00546, 0.006028, 0.006621, 0.007253, 0.007947, 0.008683, 0.009468, 0.010263, 0.011156, 0.012044, 0.013003, 0.013977, 0.015045, 0.016093, 0.017144, 0.018229, 0.019208, 0.02018, 0.021027, 0.021816, 0.022523, 0.02321, 0.023844, 0.024487, 0.025124, 0.025771, 0.026427, 0.027144, 0.027827, 0.028549, 0.029316, 0.030087, 0.030887, 0.031696, 0.032539, 0.033368, 0.034232, 0.035114, 0.035974, 0.03686, 0.037737], "V_CA": [0.65, 0.655, 0.66, 0.665, 0.67, 0.675, 0.68, 0.685, 0.69, 0.695, 0.7, 0.705, 0.71, 0.715, 0.72, 0.725, 0.73, 0.735, 0.74, 0.745, 0.75, 0.755, 0.76, 0.765, 0.77, 0.775, 0.78, 0.785, 0.79, 0.795, 0.8, 0.805, 0.81, 0.815, 0.82, 0.825, 0.83, 0.835, 0.84, 0.845, 0.85, 0.855, 0.86, 0.865, 0.87, 0.875, 0.88, 0.885, 0.89, 0.895, 0.9, 0.905, 0.91, 0.915, 0.92, 0.925, 0.93, 0.935, 0.94, 0.945, 0.95, 0.955, 0.96, 0.965, 0.97, 0.975, 0.98, 0.985, 0.99, 0.995, 1.0],